Name,Round,Match,Match_no,Points
Zsuga Zsóti,Group stage 1,Qatar 0 - 2 Ecuador,1,1
Véber Gyurka,Group stage 1,Qatar 0 - 2 Ecuador,1,5
Totós Zaza,Group stage 1,Qatar 0 - 2 Ecuador,1,0
Totó Titó,Group stage 1,Qatar 0 - 2 Ecuador,1,5
Tomai Judit,Group stage 1,Qatar 0 - 2 Ecuador,1,5
Tipszmix Csabi,Group stage 1,Qatar 0 - 2 Ecuador,1,2
Tipper Tóni,Group stage 1,Qatar 0 - 2 Ecuador,1,1
Peti bá,Group stage 1,Qatar 0 - 2 Ecuador,1,10
Mázlis Miska,Group stage 1,Qatar 0 - 2 Ecuador,1,1
Lutris Lala,Group stage 1,Qatar 0 - 2 Ecuador,1,5
Lovis Tami,Group stage 1,Qatar 0 - 2 Ecuador,1,0
Kaparós Mózes,Group stage 1,Qatar 0 - 2 Ecuador,1,0
Hendis Gyurkó,Group stage 1,Qatar 0 - 2 Ecuador,1,5
Gólszámoló Gergő,Group stage 1,Qatar 0 - 2 Ecuador,1,0
Fogadó Feri,Group stage 1,Qatar 0 - 2 Ecuador,1,5
Dzsudzsák Fecó,Group stage 1,Qatar 0 - 2 Ecuador,1,10
Duplázós Imre,Group stage 1,Qatar 0 - 2 Ecuador,1,0
Bunda Bende,Group stage 1,Qatar 0 - 2 Ecuador,1,5
Bukméker Tilda,Group stage 1,Qatar 0 - 2 Ecuador,1,2
Hendis Gyurkó,Group stage 1,England 6 - 2 Iran,2,0
Fogadó Feri,Group stage 1,England 6 - 2 Iran,2,5
Gólszámoló Gergő,Group stage 1,England 6 - 2 Iran,2,0
Bukméker Tilda,Group stage 1,England 6 - 2 Iran,2,5
Véber Gyurka,Group stage 1,England 6 - 2 Iran,2,7
Tipszmix Csabi,Group stage 1,England 6 - 2 Iran,2,5
Lovis Tami,Group stage 1,England 6 - 2 Iran,2,0
Mázlis Miska,Group stage 1,England 6 - 2 Iran,2,5
Duplázós Imre,Group stage 1,England 6 - 2 Iran,2,5
Lutris Lala,Group stage 1,England 6 - 2 Iran,2,5
Totós Zaza,Group stage 1,England 6 - 2 Iran,2,5
Tomai Judit,Group stage 1,England 6 - 2 Iran,2,7
Dzsudzsák Fecó,Group stage 1,England 6 - 2 Iran,2,5
Kaparós Mózes,Group stage 1,England 6 - 2 Iran,2,5
Bunda Bende,Group stage 1,England 6 - 2 Iran,2,5
Tipper Tóni,Group stage 1,England 6 - 2 Iran,2,5
Zsuga Zsóti,Group stage 1,England 6 - 2 Iran,2,5
Totó Titó,Group stage 1,England 6 - 2 Iran,2,5
Peti bá,Group stage 1,England 6 - 2 Iran,2,5
Hendis Gyurkó,Group stage 1,Senegal 0 - 2 Netherlands,3,5
Fogadó Feri,Group stage 1,Senegal 0 - 2 Netherlands,3,5
Gólszámoló Gergő,Group stage 1,Senegal 0 - 2 Netherlands,3,5
Bukméker Tilda,Group stage 1,Senegal 0 - 2 Netherlands,3,2
Véber Gyurka,Group stage 1,Senegal 0 - 2 Netherlands,3,5
Tipszmix Csabi,Group stage 1,Senegal 0 - 2 Netherlands,3,5
Lovis Tami,Group stage 1,Senegal 0 - 2 Netherlands,3,2
Mázlis Miska,Group stage 1,Senegal 0 - 2 Netherlands,3,1
Duplázós Imre,Group stage 1,Senegal 0 - 2 Netherlands,3,5
Lutris Lala,Group stage 1,Senegal 0 - 2 Netherlands,3,7
Totós Zaza,Group stage 1,Senegal 0 - 2 Netherlands,3,5
Tomai Judit,Group stage 1,Senegal 0 - 2 Netherlands,3,5
Dzsudzsák Fecó,Group stage 1,Senegal 0 - 2 Netherlands,3,10
Kaparós Mózes,Group stage 1,Senegal 0 - 2 Netherlands,3,10
Bunda Bende,Group stage 1,Senegal 0 - 2 Netherlands,3,7
Tipper Tóni,Group stage 1,Senegal 0 - 2 Netherlands,3,7
Zsuga Zsóti,Group stage 1,Senegal 0 - 2 Netherlands,3,2
Totó Titó,Group stage 1,Senegal 0 - 2 Netherlands,3,5
Peti bá,Group stage 1,Senegal 0 - 2 Netherlands,3,5
Hendis Gyurkó,Group stage 1,USA 1 - 1 Wales,4,1
Fogadó Feri,Group stage 1,USA 1 - 1 Wales,4,10
Gólszámoló Gergő,Group stage 1,USA 1 - 1 Wales,4,2
Bukméker Tilda,Group stage 1,USA 1 - 1 Wales,4,2
Véber Gyurka,Group stage 1,USA 1 - 1 Wales,4,10
Tipszmix Csabi,Group stage 1,USA 1 - 1 Wales,4,10
Lovis Tami,Group stage 1,USA 1 - 1 Wales,4,0
Mázlis Miska,Group stage 1,USA 1 - 1 Wales,4,1
Duplázós Imre,Group stage 1,USA 1 - 1 Wales,4,10
Lutris Lala,Group stage 1,USA 1 - 1 Wales,4,2
Totós Zaza,Group stage 1,USA 1 - 1 Wales,4,10
Tomai Judit,Group stage 1,USA 1 - 1 Wales,4,2
Dzsudzsák Fecó,Group stage 1,USA 1 - 1 Wales,4,7
Kaparós Mózes,Group stage 1,USA 1 - 1 Wales,4,2
Bunda Bende,Group stage 1,USA 1 - 1 Wales,4,10
Tipper Tóni,Group stage 1,USA 1 - 1 Wales,4,7
Zsuga Zsóti,Group stage 1,USA 1 - 1 Wales,4,2
Totó Titó,Group stage 1,USA 1 - 1 Wales,4,0
Peti bá,Group stage 1,USA 1 - 1 Wales,4,2
Hendis Gyurkó,Group stage 1,Argentina 1 - 2 Saudi Arabia,5,1
Fogadó Feri,Group stage 1,Argentina 1 - 2 Saudi Arabia,5,0
Gólszámoló Gergő,Group stage 1,Argentina 1 - 2 Saudi Arabia,5,0
Bukméker Tilda,Group stage 1,Argentina 1 - 2 Saudi Arabia,5,0
Véber Gyurka,Group stage 1,Argentina 1 - 2 Saudi Arabia,5,0
Tipszmix Csabi,Group stage 1,Argentina 1 - 2 Saudi Arabia,5,1
Lovis Tami,Group stage 1,Argentina 1 - 2 Saudi Arabia,5,2
Mázlis Miska,Group stage 1,Argentina 1 - 2 Saudi Arabia,5,0
Duplázós Imre,Group stage 1,Argentina 1 - 2 Saudi Arabia,5,1
Lutris Lala,Group stage 1,Argentina 1 - 2 Saudi Arabia,5,1
Totós Zaza,Group stage 1,Argentina 1 - 2 Saudi Arabia,5,1
Tomai Judit,Group stage 1,Argentina 1 - 2 Saudi Arabia,5,0
Dzsudzsák Fecó,Group stage 1,Argentina 1 - 2 Saudi Arabia,5,0
Kaparós Mózes,Group stage 1,Argentina 1 - 2 Saudi Arabia,5,0
Bunda Bende,Group stage 1,Argentina 1 - 2 Saudi Arabia,5,0
Tipper Tóni,Group stage 1,Argentina 1 - 2 Saudi Arabia,5,1
Zsuga Zsóti,Group stage 1,Argentina 1 - 2 Saudi Arabia,5,0
Totó Titó,Group stage 1,Argentina 1 - 2 Saudi Arabia,5,1
Peti bá,Group stage 1,Argentina 1 - 2 Saudi Arabia,5,0
Hendis Gyurkó,Group stage 1,Denmark 0 - 0 Tunisia,6,2
Fogadó Feri,Group stage 1,Denmark 0 - 0 Tunisia,6,2
Gólszámoló Gergő,Group stage 1,Denmark 0 - 0 Tunisia,6,0
Bukméker Tilda,Group stage 1,Denmark 0 - 0 Tunisia,6,2
Véber Gyurka,Group stage 1,Denmark 0 - 0 Tunisia,6,2
Tipszmix Csabi,Group stage 1,Denmark 0 - 0 Tunisia,6,2
Lovis Tami,Group stage 1,Denmark 0 - 0 Tunisia,6,2
Mázlis Miska,Group stage 1,Denmark 0 - 0 Tunisia,6,0
Duplázós Imre,Group stage 1,Denmark 0 - 0 Tunisia,6,0
Lutris Lala,Group stage 1,Denmark 0 - 0 Tunisia,6,2
Totós Zaza,Group stage 1,Denmark 0 - 0 Tunisia,6,2
Tomai Judit,Group stage 1,Denmark 0 - 0 Tunisia,6,0
Dzsudzsák Fecó,Group stage 1,Denmark 0 - 0 Tunisia,6,2
Kaparós Mózes,Group stage 1,Denmark 0 - 0 Tunisia,6,0
Bunda Bende,Group stage 1,Denmark 0 - 0 Tunisia,6,2
Tipper Tóni,Group stage 1,Denmark 0 - 0 Tunisia,6,7
Zsuga Zsóti,Group stage 1,Denmark 0 - 0 Tunisia,6,0
Totó Titó,Group stage 1,Denmark 0 - 0 Tunisia,6,0
Peti bá,Group stage 1,Denmark 0 - 0 Tunisia,6,2
Hendis Gyurkó,Group stage 1,Mexico 0 - 0 Poland,7,7
Fogadó Feri,Group stage 1,Mexico 0 - 0 Poland,7,7
Gólszámoló Gergő,Group stage 1,Mexico 0 - 0 Poland,7,7
Bukméker Tilda,Group stage 1,Mexico 0 - 0 Poland,7,7
Véber Gyurka,Group stage 1,Mexico 0 - 0 Poland,7,0
Tipszmix Csabi,Group stage 1,Mexico 0 - 0 Poland,7,10
Lovis Tami,Group stage 1,Mexico 0 - 0 Poland,7,10
Mázlis Miska,Group stage 1,Mexico 0 - 0 Poland,7,0
Duplázós Imre,Group stage 1,Mexico 0 - 0 Poland,7,0
Lutris Lala,Group stage 1,Mexico 0 - 0 Poland,7,0
Totós Zaza,Group stage 1,Mexico 0 - 0 Poland,7,7
Tomai Judit,Group stage 1,Mexico 0 - 0 Poland,7,0
Dzsudzsák Fecó,Group stage 1,Mexico 0 - 0 Poland,7,10
Kaparós Mózes,Group stage 1,Mexico 0 - 0 Poland,7,2
Bunda Bende,Group stage 1,Mexico 0 - 0 Poland,7,7
Tipper Tóni,Group stage 1,Mexico 0 - 0 Poland,7,2
Zsuga Zsóti,Group stage 1,Mexico 0 - 0 Poland,7,0
Totó Titó,Group stage 1,Mexico 0 - 0 Poland,7,0
Peti bá,Group stage 1,Mexico 0 - 0 Poland,7,2
Hendis Gyurkó,Group stage 1,France 4 - 1 Australia,8,5
Fogadó Feri,Group stage 1,France 4 - 1 Australia,8,5
Gólszámoló Gergő,Group stage 1,France 4 - 1 Australia,8,5
Bukméker Tilda,Group stage 1,France 4 - 1 Australia,8,5
Véber Gyurka,Group stage 1,France 4 - 1 Australia,8,5
Tipszmix Csabi,Group stage 1,France 4 - 1 Australia,8,5
Lovis Tami,Group stage 1,France 4 - 1 Australia,8,5
Mázlis Miska,Group stage 1,France 4 - 1 Australia,8,5
Duplázós Imre,Group stage 1,France 4 - 1 Australia,8,7
Lutris Lala,Group stage 1,France 4 - 1 Australia,8,5
Totós Zaza,Group stage 1,France 4 - 1 Australia,8,10
Tomai Judit,Group stage 1,France 4 - 1 Australia,8,5
Dzsudzsák Fecó,Group stage 1,France 4 - 1 Australia,8,5
Kaparós Mózes,Group stage 1,France 4 - 1 Australia,8,5
Bunda Bende,Group stage 1,France 4 - 1 Australia,8,5
Tipper Tóni,Group stage 1,France 4 - 1 Australia,8,10
Zsuga Zsóti,Group stage 1,France 4 - 1 Australia,8,7
Totó Titó,Group stage 1,France 4 - 1 Australia,8,7
Peti bá,Group stage 1,France 4 - 1 Australia,8,7
Hendis Gyurkó,Group stage 1,Morocco 0 - 0 Croatia,9,2
Fogadó Feri,Group stage 1,Morocco 0 - 0 Croatia,9,0
Gólszámoló Gergő,Group stage 1,Morocco 0 - 0 Croatia,9,0
Bukméker Tilda,Group stage 1,Morocco 0 - 0 Croatia,9,2
Véber Gyurka,Group stage 1,Morocco 0 - 0 Croatia,9,0
Tipszmix Csabi,Group stage 1,Morocco 0 - 0 Croatia,9,0
Lovis Tami,Group stage 1,Morocco 0 - 0 Croatia,9,2
Mázlis Miska,Group stage 1,Morocco 0 - 0 Croatia,9,0
Duplázós Imre,Group stage 1,Morocco 0 - 0 Croatia,9,7
Lutris Lala,Group stage 1,Morocco 0 - 0 Croatia,9,2
Totós Zaza,Group stage 1,Morocco 0 - 0 Croatia,9,2
Tomai Judit,Group stage 1,Morocco 0 - 0 Croatia,9,0
Dzsudzsák Fecó,Group stage 1,Morocco 0 - 0 Croatia,9,0
Kaparós Mózes,Group stage 1,Morocco 0 - 0 Croatia,9,0
Bunda Bende,Group stage 1,Morocco 0 - 0 Croatia,9,2
Tipper Tóni,Group stage 1,Morocco 0 - 0 Croatia,9,7
Zsuga Zsóti,Group stage 1,Morocco 0 - 0 Croatia,9,2
Totó Titó,Group stage 1,Morocco 0 - 0 Croatia,9,0
Peti bá,Group stage 1,Morocco 0 - 0 Croatia,9,2
Hendis Gyurkó,Group stage 1,Germany 1 - 2 Japan,10,1
Fogadó Feri,Group stage 1,Germany 1 - 2 Japan,10,0
Gólszámoló Gergő,Group stage 1,Germany 1 - 2 Japan,10,0
Bukméker Tilda,Group stage 1,Germany 1 - 2 Japan,10,1
Véber Gyurka,Group stage 1,Germany 1 - 2 Japan,10,0
Tipszmix Csabi,Group stage 1,Germany 1 - 2 Japan,10,0
Lovis Tami,Group stage 1,Germany 1 - 2 Japan,10,2
Mázlis Miska,Group stage 1,Germany 1 - 2 Japan,10,10
Duplázós Imre,Group stage 1,Germany 1 - 2 Japan,10,0
Lutris Lala,Group stage 1,Germany 1 - 2 Japan,10,0
Totós Zaza,Group stage 1,Germany 1 - 2 Japan,10,0
Tomai Judit,Group stage 1,Germany 1 - 2 Japan,10,1
Dzsudzsák Fecó,Group stage 1,Germany 1 - 2 Japan,10,1
Kaparós Mózes,Group stage 1,Germany 1 - 2 Japan,10,0
Bunda Bende,Group stage 1,Germany 1 - 2 Japan,10,0
Tipper Tóni,Group stage 1,Germany 1 - 2 Japan,10,0
Zsuga Zsóti,Group stage 1,Germany 1 - 2 Japan,10,1
Totó Titó,Group stage 1,Germany 1 - 2 Japan,10,1
Peti bá,Group stage 1,Germany 1 - 2 Japan,10,0
Hendis Gyurkó,Group stage 1,Spain 7 - 0 Costa Rica,11,0
Fogadó Feri,Group stage 1,Spain 7 - 0 Costa Rica,11,5
Gólszámoló Gergő,Group stage 1,Spain 7 - 0 Costa Rica,11,5
Bukméker Tilda,Group stage 1,Spain 7 - 0 Costa Rica,11,5
Véber Gyurka,Group stage 1,Spain 7 - 0 Costa Rica,11,5
Tipszmix Csabi,Group stage 1,Spain 7 - 0 Costa Rica,11,5
Lovis Tami,Group stage 1,Spain 7 - 0 Costa Rica,11,5
Mázlis Miska,Group stage 1,Spain 7 - 0 Costa Rica,11,0
Duplázós Imre,Group stage 1,Spain 7 - 0 Costa Rica,11,5
Lutris Lala,Group stage 1,Spain 7 - 0 Costa Rica,11,5
Totós Zaza,Group stage 1,Spain 7 - 0 Costa Rica,11,5
Tomai Judit,Group stage 1,Spain 7 - 0 Costa Rica,11,5
Dzsudzsák Fecó,Group stage 1,Spain 7 - 0 Costa Rica,11,5
Kaparós Mózes,Group stage 1,Spain 7 - 0 Costa Rica,11,5
Bunda Bende,Group stage 1,Spain 7 - 0 Costa Rica,11,5
Tipper Tóni,Group stage 1,Spain 7 - 0 Costa Rica,11,5
Zsuga Zsóti,Group stage 1,Spain 7 - 0 Costa Rica,11,5
Totó Titó,Group stage 1,Spain 7 - 0 Costa Rica,11,5
Peti bá,Group stage 1,Spain 7 - 0 Costa Rica,11,5
Hendis Gyurkó,Group stage 1,Belgium 1 - 0 Canada,12,7
Fogadó Feri,Group stage 1,Belgium 1 - 0 Canada,12,5
Gólszámoló Gergő,Group stage 1,Belgium 1 - 0 Canada,12,5
Bukméker Tilda,Group stage 1,Belgium 1 - 0 Canada,12,5
Véber Gyurka,Group stage 1,Belgium 1 - 0 Canada,12,5
Tipszmix Csabi,Group stage 1,Belgium 1 - 0 Canada,12,7
Lovis Tami,Group stage 1,Belgium 1 - 0 Canada,12,5
Mázlis Miska,Group stage 1,Belgium 1 - 0 Canada,12,5
Duplázós Imre,Group stage 1,Belgium 1 - 0 Canada,12,7
Lutris Lala,Group stage 1,Belgium 1 - 0 Canada,12,2
Totós Zaza,Group stage 1,Belgium 1 - 0 Canada,12,5
Tomai Judit,Group stage 1,Belgium 1 - 0 Canada,12,5
Dzsudzsák Fecó,Group stage 1,Belgium 1 - 0 Canada,12,7
Kaparós Mózes,Group stage 1,Belgium 1 - 0 Canada,12,2
Bunda Bende,Group stage 1,Belgium 1 - 0 Canada,12,5
Tipper Tóni,Group stage 1,Belgium 1 - 0 Canada,12,5
Zsuga Zsóti,Group stage 1,Belgium 1 - 0 Canada,12,5
Totó Titó,Group stage 1,Belgium 1 - 0 Canada,12,5
Peti bá,Group stage 1,Belgium 1 - 0 Canada,12,5
Hendis Gyurkó,Group stage 1,Switzerland 1 - 0 Cameroon,13,2
Fogadó Feri,Group stage 1,Switzerland 1 - 0 Cameroon,13,0
Gólszámoló Gergő,Group stage 1,Switzerland 1 - 0 Cameroon,13,2
Bukméker Tilda,Group stage 1,Switzerland 1 - 0 Cameroon,13,0
Véber Gyurka,Group stage 1,Switzerland 1 - 0 Cameroon,13,10
Tipszmix Csabi,Group stage 1,Switzerland 1 - 0 Cameroon,13,2
Lovis Tami,Group stage 1,Switzerland 1 - 0 Cameroon,13,5
Mázlis Miska,Group stage 1,Switzerland 1 - 0 Cameroon,13,2
Duplázós Imre,Group stage 1,Switzerland 1 - 0 Cameroon,13,5
Lutris Lala,Group stage 1,Switzerland 1 - 0 Cameroon,13,7
Totós Zaza,Group stage 1,Switzerland 1 - 0 Cameroon,13,7
Tomai Judit,Group stage 1,Switzerland 1 - 0 Cameroon,13,7
Dzsudzsák Fecó,Group stage 1,Switzerland 1 - 0 Cameroon,13,7
Kaparós Mózes,Group stage 1,Switzerland 1 - 0 Cameroon,13,0
Bunda Bende,Group stage 1,Switzerland 1 - 0 Cameroon,13,2
Tipper Tóni,Group stage 1,Switzerland 1 - 0 Cameroon,13,7
Zsuga Zsóti,Group stage 1,Switzerland 1 - 0 Cameroon,13,7
Totó Titó,Group stage 1,Switzerland 1 - 0 Cameroon,13,7
Peti bá,Group stage 1,Switzerland 1 - 0 Cameroon,13,2
Hendis Gyurkó,Group stage 1,Uruguay 0 - 0 South Korea,14,0
Fogadó Feri,Group stage 1,Uruguay 0 - 0 South Korea,14,2
Gólszámoló Gergő,Group stage 1,Uruguay 0 - 0 South Korea,14,0
Bukméker Tilda,Group stage 1,Uruguay 0 - 0 South Korea,14,0
Véber Gyurka,Group stage 1,Uruguay 0 - 0 South Korea,14,0
Tipszmix Csabi,Group stage 1,Uruguay 0 - 0 South Korea,14,0
Lovis Tami,Group stage 1,Uruguay 0 - 0 South Korea,14,0
Mázlis Miska,Group stage 1,Uruguay 0 - 0 South Korea,14,0
Duplázós Imre,Group stage 1,Uruguay 0 - 0 South Korea,14,7
Lutris Lala,Group stage 1,Uruguay 0 - 0 South Korea,14,2
Totós Zaza,Group stage 1,Uruguay 0 - 0 South Korea,14,0
Tomai Judit,Group stage 1,Uruguay 0 - 0 South Korea,14,2
Dzsudzsák Fecó,Group stage 1,Uruguay 0 - 0 South Korea,14,7
Kaparós Mózes,Group stage 1,Uruguay 0 - 0 South Korea,14,7
Bunda Bende,Group stage 1,Uruguay 0 - 0 South Korea,14,2
Tipper Tóni,Group stage 1,Uruguay 0 - 0 South Korea,14,2
Zsuga Zsóti,Group stage 1,Uruguay 0 - 0 South Korea,14,0
Totó Titó,Group stage 1,Uruguay 0 - 0 South Korea,14,2
Peti bá,Group stage 1,Uruguay 0 - 0 South Korea,14,0
Hendis Gyurkó,Group stage 1,Portugal 3 - 2 Ghana,15,7
Fogadó Feri,Group stage 1,Portugal 3 - 2 Ghana,15,5
Gólszámoló Gergő,Group stage 1,Portugal 3 - 2 Ghana,15,2
Bukméker Tilda,Group stage 1,Portugal 3 - 2 Ghana,15,7
Véber Gyurka,Group stage 1,Portugal 3 - 2 Ghana,15,7
Tipszmix Csabi,Group stage 1,Portugal 3 - 2 Ghana,15,0
Lovis Tami,Group stage 1,Portugal 3 - 2 Ghana,15,5
Mázlis Miska,Group stage 1,Portugal 3 - 2 Ghana,15,5
Duplázós Imre,Group stage 1,Portugal 3 - 2 Ghana,15,5
Lutris Lala,Group stage 1,Portugal 3 - 2 Ghana,15,5
Totós Zaza,Group stage 1,Portugal 3 - 2 Ghana,15,5
Tomai Judit,Group stage 1,Portugal 3 - 2 Ghana,15,5
Dzsudzsák Fecó,Group stage 1,Portugal 3 - 2 Ghana,15,7
Kaparós Mózes,Group stage 1,Portugal 3 - 2 Ghana,15,5
Bunda Bende,Group stage 1,Portugal 3 - 2 Ghana,15,7
Tipper Tóni,Group stage 1,Portugal 3 - 2 Ghana,15,5
Zsuga Zsóti,Group stage 1,Portugal 3 - 2 Ghana,15,7
Totó Titó,Group stage 1,Portugal 3 - 2 Ghana,15,5
Peti bá,Group stage 1,Portugal 3 - 2 Ghana,15,5
Hendis Gyurkó,Group stage 1,Brazil 2 - 0 Serbia,16,7
Fogadó Feri,Group stage 1,Brazil 2 - 0 Serbia,16,10
Gólszámoló Gergő,Group stage 1,Brazil 2 - 0 Serbia,16,5
Bukméker Tilda,Group stage 1,Brazil 2 - 0 Serbia,16,1
Véber Gyurka,Group stage 1,Brazil 2 - 0 Serbia,16,10
Tipszmix Csabi,Group stage 1,Brazil 2 - 0 Serbia,16,5
Lovis Tami,Group stage 1,Brazil 2 - 0 Serbia,16,5
Mázlis Miska,Group stage 1,Brazil 2 - 0 Serbia,16,5
Duplázós Imre,Group stage 1,Brazil 2 - 0 Serbia,16,10
Lutris Lala,Group stage 1,Brazil 2 - 0 Serbia,16,7
Totós Zaza,Group stage 1,Brazil 2 - 0 Serbia,16,5
Tomai Judit,Group stage 1,Brazil 2 - 0 Serbia,16,5
Dzsudzsák Fecó,Group stage 1,Brazil 2 - 0 Serbia,16,0
Kaparós Mózes,Group stage 1,Brazil 2 - 0 Serbia,16,5
Bunda Bende,Group stage 1,Brazil 2 - 0 Serbia,16,7
Tipper Tóni,Group stage 1,Brazil 2 - 0 Serbia,16,5
Zsuga Zsóti,Group stage 1,Brazil 2 - 0 Serbia,16,1
Totó Titó,Group stage 1,Brazil 2 - 0 Serbia,16,5
Peti bá,Group stage 1,Brazil 2 - 0 Serbia,16,7
Hendis Gyurkó,Group stage 2,Wales 0 - 2 Iran,17,0
Fogadó Feri,Group stage 2,Wales 0 - 2 Iran,17,0
Gólszámoló Gergő,Group stage 2,Wales 0 - 2 Iran,17,1
Bukméker Tilda,Group stage 2,Wales 0 - 2 Iran,17,5
Véber Gyurka,Group stage 2,Wales 0 - 2 Iran,17,1
Tipszmix Csabi,Group stage 2,Wales 0 - 2 Iran,17,0
Lovis Tami,Group stage 2,Wales 0 - 2 Iran,17,0
Mázlis Miska,Group stage 2,Wales 0 - 2 Iran,17,1
Duplázós Imre,Group stage 2,Wales 0 - 2 Iran,17,1
Lutris Lala,Group stage 2,Wales 0 - 2 Iran,17,0
Totós Zaza,Group stage 2,Wales 0 - 2 Iran,17,1
Tomai Judit,Group stage 2,Wales 0 - 2 Iran,17,5
Dzsudzsák Fecó,Group stage 2,Wales 0 - 2 Iran,17,1
Kaparós Mózes,Group stage 2,Wales 0 - 2 Iran,17,0
Bunda Bende,Group stage 2,Wales 0 - 2 Iran,17,0
Tipper Tóni,Group stage 2,Wales 0 - 2 Iran,17,2
Zsuga Zsóti,Group stage 2,Wales 0 - 2 Iran,17,0
Totó Titó,Group stage 2,Wales 0 - 2 Iran,17,1
Peti bá,Group stage 2,Wales 0 - 2 Iran,17,0
Hendis Gyurkó,Group stage 2,Qatar 1 - 3 Senegal,18,7
Fogadó Feri,Group stage 2,Qatar 1 - 3 Senegal,18,0
Gólszámoló Gergő,Group stage 2,Qatar 1 - 3 Senegal,18,5
Bukméker Tilda,Group stage 2,Qatar 1 - 3 Senegal,18,10
Véber Gyurka,Group stage 2,Qatar 1 - 3 Senegal,18,0
Tipszmix Csabi,Group stage 2,Qatar 1 - 3 Senegal,18,7
Lovis Tami,Group stage 2,Qatar 1 - 3 Senegal,18,0
Mázlis Miska,Group stage 2,Qatar 1 - 3 Senegal,18,5
Duplázós Imre,Group stage 2,Qatar 1 - 3 Senegal,18,7
Lutris Lala,Group stage 2,Qatar 1 - 3 Senegal,18,2
Totós Zaza,Group stage 2,Qatar 1 - 3 Senegal,18,5
Tomai Judit,Group stage 2,Qatar 1 - 3 Senegal,18,5
Dzsudzsák Fecó,Group stage 2,Qatar 1 - 3 Senegal,18,5
Kaparós Mózes,Group stage 2,Qatar 1 - 3 Senegal,18,0
Bunda Bende,Group stage 2,Qatar 1 - 3 Senegal,18,5
Tipper Tóni,Group stage 2,Qatar 1 - 3 Senegal,18,5
Zsuga Zsóti,Group stage 2,Qatar 1 - 3 Senegal,18,5
Totó Titó,Group stage 2,Qatar 1 - 3 Senegal,18,5
Peti bá,Group stage 2,Qatar 1 - 3 Senegal,18,5
Hendis Gyurkó,Group stage 2,Netherlands 1 - 1 Ecuador,19,1
Fogadó Feri,Group stage 2,Netherlands 1 - 1 Ecuador,19,1
Gólszámoló Gergő,Group stage 2,Netherlands 1 - 1 Ecuador,19,2
Bukméker Tilda,Group stage 2,Netherlands 1 - 1 Ecuador,19,2
Véber Gyurka,Group stage 2,Netherlands 1 - 1 Ecuador,19,1
Tipszmix Csabi,Group stage 2,Netherlands 1 - 1 Ecuador,19,2
Lovis Tami,Group stage 2,Netherlands 1 - 1 Ecuador,19,2
Mázlis Miska,Group stage 2,Netherlands 1 - 1 Ecuador,19,0
Duplázós Imre,Group stage 2,Netherlands 1 - 1 Ecuador,19,10
Lutris Lala,Group stage 2,Netherlands 1 - 1 Ecuador,19,2
Totós Zaza,Group stage 2,Netherlands 1 - 1 Ecuador,19,2
Tomai Judit,Group stage 2,Netherlands 1 - 1 Ecuador,19,2
Dzsudzsák Fecó,Group stage 2,Netherlands 1 - 1 Ecuador,19,2
Kaparós Mózes,Group stage 2,Netherlands 1 - 1 Ecuador,19,2
Bunda Bende,Group stage 2,Netherlands 1 - 1 Ecuador,19,2
Tipper Tóni,Group stage 2,Netherlands 1 - 1 Ecuador,19,2
Zsuga Zsóti,Group stage 2,Netherlands 1 - 1 Ecuador,19,0
Totó Titó,Group stage 2,Netherlands 1 - 1 Ecuador,19,2
Peti bá,Group stage 2,Netherlands 1 - 1 Ecuador,19,0
Hendis Gyurkó,Group stage 2,England 0 - 0 USA,20,2
Fogadó Feri,Group stage 2,England 0 - 0 USA,20,2
Gólszámoló Gergő,Group stage 2,England 0 - 0 USA,20,0
Bukméker Tilda,Group stage 2,England 0 - 0 USA,20,0
Véber Gyurka,Group stage 2,England 0 - 0 USA,20,2
Tipszmix Csabi,Group stage 2,England 0 - 0 USA,20,0
Lovis Tami,Group stage 2,England 0 - 0 USA,20,0
Mázlis Miska,Group stage 2,England 0 - 0 USA,20,0
Duplázós Imre,Group stage 2,England 0 - 0 USA,20,0
Lutris Lala,Group stage 2,England 0 - 0 USA,20,0
Totós Zaza,Group stage 2,England 0 - 0 USA,20,0
Tomai Judit,Group stage 2,England 0 - 0 USA,20,0
Dzsudzsák Fecó,Group stage 2,England 0 - 0 USA,20,0
Kaparós Mózes,Group stage 2,England 0 - 0 USA,20,0
Bunda Bende,Group stage 2,England 0 - 0 USA,20,0
Tipper Tóni,Group stage 2,England 0 - 0 USA,20,0
Zsuga Zsóti,Group stage 2,England 0 - 0 USA,20,7
Totó Titó,Group stage 2,England 0 - 0 USA,20,0
Peti bá,Group stage 2,England 0 - 0 USA,20,0
Hendis Gyurkó,Group stage 2,Tunisia 0 - 1 Australia,21,2
Fogadó Feri,Group stage 2,Tunisia 0 - 1 Australia,21,0
Gólszámoló Gergő,Group stage 2,Tunisia 0 - 1 Australia,21,1
Bukméker Tilda,Group stage 2,Tunisia 0 - 1 Australia,21,2
Véber Gyurka,Group stage 2,Tunisia 0 - 1 Australia,21,10
Tipszmix Csabi,Group stage 2,Tunisia 0 - 1 Australia,21,5
Lovis Tami,Group stage 2,Tunisia 0 - 1 Australia,21,2
Mázlis Miska,Group stage 2,Tunisia 0 - 1 Australia,21,0
Duplázós Imre,Group stage 2,Tunisia 0 - 1 Australia,21,10
Lutris Lala,Group stage 2,Tunisia 0 - 1 Australia,21,10
Totós Zaza,Group stage 2,Tunisia 0 - 1 Australia,21,2
Tomai Judit,Group stage 2,Tunisia 0 - 1 Australia,21,7
Dzsudzsák Fecó,Group stage 2,Tunisia 0 - 1 Australia,21,2
Kaparós Mózes,Group stage 2,Tunisia 0 - 1 Australia,21,1
Bunda Bende,Group stage 2,Tunisia 0 - 1 Australia,21,2
Tipper Tóni,Group stage 2,Tunisia 0 - 1 Australia,21,2
Zsuga Zsóti,Group stage 2,Tunisia 0 - 1 Australia,21,2
Totó Titó,Group stage 2,Tunisia 0 - 1 Australia,21,0
Peti bá,Group stage 2,Tunisia 0 - 1 Australia,21,2
Hendis Gyurkó,Group stage 2,Poland 2 - 0 Saudi Arabia,22,1
Fogadó Feri,Group stage 2,Poland 2 - 0 Saudi Arabia,22,0
Gólszámoló Gergő,Group stage 2,Poland 2 - 0 Saudi Arabia,22,5
Bukméker Tilda,Group stage 2,Poland 2 - 0 Saudi Arabia,22,10
Véber Gyurka,Group stage 2,Poland 2 - 0 Saudi Arabia,22,5
Tipszmix Csabi,Group stage 2,Poland 2 - 0 Saudi Arabia,22,1
Lovis Tami,Group stage 2,Poland 2 - 0 Saudi Arabia,22,7
Mázlis Miska,Group stage 2,Poland 2 - 0 Saudi Arabia,22,5
Duplázós Imre,Group stage 2,Poland 2 - 0 Saudi Arabia,22,1
Lutris Lala,Group stage 2,Poland 2 - 0 Saudi Arabia,22,1
Totós Zaza,Group stage 2,Poland 2 - 0 Saudi Arabia,22,5
Tomai Judit,Group stage 2,Poland 2 - 0 Saudi Arabia,22,1
Dzsudzsák Fecó,Group stage 2,Poland 2 - 0 Saudi Arabia,22,1
Kaparós Mózes,Group stage 2,Poland 2 - 0 Saudi Arabia,22,1
Bunda Bende,Group stage 2,Poland 2 - 0 Saudi Arabia,22,2
Tipper Tóni,Group stage 2,Poland 2 - 0 Saudi Arabia,22,2
Zsuga Zsóti,Group stage 2,Poland 2 - 0 Saudi Arabia,22,5
Totó Titó,Group stage 2,Poland 2 - 0 Saudi Arabia,22,5
Peti bá,Group stage 2,Poland 2 - 0 Saudi Arabia,22,5
Hendis Gyurkó,Group stage 2,France 2 - 1 Denmark,23,2
Fogadó Feri,Group stage 2,France 2 - 1 Denmark,23,7
Gólszámoló Gergő,Group stage 2,France 2 - 1 Denmark,23,5
Bukméker Tilda,Group stage 2,France 2 - 1 Denmark,23,2
Véber Gyurka,Group stage 2,France 2 - 1 Denmark,23,5
Tipszmix Csabi,Group stage 2,France 2 - 1 Denmark,23,5
Lovis Tami,Group stage 2,France 2 - 1 Denmark,23,0
Mázlis Miska,Group stage 2,France 2 - 1 Denmark,23,1
Duplázós Imre,Group stage 2,France 2 - 1 Denmark,23,5
Lutris Lala,Group stage 2,France 2 - 1 Denmark,23,5
Totós Zaza,Group stage 2,France 2 - 1 Denmark,23,5
Tomai Judit,Group stage 2,France 2 - 1 Denmark,23,5
Dzsudzsák Fecó,Group stage 2,France 2 - 1 Denmark,23,10
Kaparós Mózes,Group stage 2,France 2 - 1 Denmark,23,10
Bunda Bende,Group stage 2,France 2 - 1 Denmark,23,2
Tipper Tóni,Group stage 2,France 2 - 1 Denmark,23,5
Zsuga Zsóti,Group stage 2,France 2 - 1 Denmark,23,5
Totó Titó,Group stage 2,France 2 - 1 Denmark,23,5
Peti bá,Group stage 2,France 2 - 1 Denmark,23,7
Hendis Gyurkó,Group stage 2,Argentina 2 - 0 Mexico,24,5
Fogadó Feri,Group stage 2,Argentina 2 - 0 Mexico,24,7
Gólszámoló Gergő,Group stage 2,Argentina 2 - 0 Mexico,24,7
Bukméker Tilda,Group stage 2,Argentina 2 - 0 Mexico,24,7
Véber Gyurka,Group stage 2,Argentina 2 - 0 Mexico,24,1
Tipszmix Csabi,Group stage 2,Argentina 2 - 0 Mexico,24,1
Lovis Tami,Group stage 2,Argentina 2 - 0 Mexico,24,0
Mázlis Miska,Group stage 2,Argentina 2 - 0 Mexico,24,0
Duplázós Imre,Group stage 2,Argentina 2 - 0 Mexico,24,10
Lutris Lala,Group stage 2,Argentina 2 - 0 Mexico,24,5
Totós Zaza,Group stage 2,Argentina 2 - 0 Mexico,24,10
Tomai Judit,Group stage 2,Argentina 2 - 0 Mexico,24,7
Dzsudzsák Fecó,Group stage 2,Argentina 2 - 0 Mexico,24,2
Kaparós Mózes,Group stage 2,Argentina 2 - 0 Mexico,24,10
Bunda Bende,Group stage 2,Argentina 2 - 0 Mexico,24,1
Tipper Tóni,Group stage 2,Argentina 2 - 0 Mexico,24,10
Zsuga Zsóti,Group stage 2,Argentina 2 - 0 Mexico,24,2
Totó Titó,Group stage 2,Argentina 2 - 0 Mexico,24,5
Peti bá,Group stage 2,Argentina 2 - 0 Mexico,24,7
Hendis Gyurkó,Group stage 2,Japan 0 - 1 Costa Rica,25,2
Fogadó Feri,Group stage 2,Japan 0 - 1 Costa Rica,25,2
Gólszámoló Gergő,Group stage 2,Japan 0 - 1 Costa Rica,25,0
Bukméker Tilda,Group stage 2,Japan 0 - 1 Costa Rica,25,0
Véber Gyurka,Group stage 2,Japan 0 - 1 Costa Rica,25,0
Tipszmix Csabi,Group stage 2,Japan 0 - 1 Costa Rica,25,0
Lovis Tami,Group stage 2,Japan 0 - 1 Costa Rica,25,5
Mázlis Miska,Group stage 2,Japan 0 - 1 Costa Rica,25,2
Duplázós Imre,Group stage 2,Japan 0 - 1 Costa Rica,25,0
Lutris Lala,Group stage 2,Japan 0 - 1 Costa Rica,25,2
Totós Zaza,Group stage 2,Japan 0 - 1 Costa Rica,25,0
Tomai Judit,Group stage 2,Japan 0 - 1 Costa Rica,25,2
Dzsudzsák Fecó,Group stage 2,Japan 0 - 1 Costa Rica,25,2
Kaparós Mózes,Group stage 2,Japan 0 - 1 Costa Rica,25,2
Bunda Bende,Group stage 2,Japan 0 - 1 Costa Rica,25,2
Tipper Tóni,Group stage 2,Japan 0 - 1 Costa Rica,25,0
Zsuga Zsóti,Group stage 2,Japan 0 - 1 Costa Rica,25,0
Totó Titó,Group stage 2,Japan 0 - 1 Costa Rica,25,0
Peti bá,Group stage 2,Japan 0 - 1 Costa Rica,25,2
Hendis Gyurkó,Group stage 2,Belgium 0 - 2 Morocco,26,0
Fogadó Feri,Group stage 2,Belgium 0 - 2 Morocco,26,0
Gólszámoló Gergő,Group stage 2,Belgium 0 - 2 Morocco,26,0
Bukméker Tilda,Group stage 2,Belgium 0 - 2 Morocco,26,0
Véber Gyurka,Group stage 2,Belgium 0 - 2 Morocco,26,1
Tipszmix Csabi,Group stage 2,Belgium 0 - 2 Morocco,26,0
Lovis Tami,Group stage 2,Belgium 0 - 2 Morocco,26,7
Mázlis Miska,Group stage 2,Belgium 0 - 2 Morocco,26,0
Duplázós Imre,Group stage 2,Belgium 0 - 2 Morocco,26,0
Lutris Lala,Group stage 2,Belgium 0 - 2 Morocco,26,1
Totós Zaza,Group stage 2,Belgium 0 - 2 Morocco,26,0
Tomai Judit,Group stage 2,Belgium 0 - 2 Morocco,26,0
Dzsudzsák Fecó,Group stage 2,Belgium 0 - 2 Morocco,26,1
Kaparós Mózes,Group stage 2,Belgium 0 - 2 Morocco,26,0
Bunda Bende,Group stage 2,Belgium 0 - 2 Morocco,26,1
Tipper Tóni,Group stage 2,Belgium 0 - 2 Morocco,26,0
Zsuga Zsóti,Group stage 2,Belgium 0 - 2 Morocco,26,1
Totó Titó,Group stage 2,Belgium 0 - 2 Morocco,26,0
Peti bá,Group stage 2,Belgium 0 - 2 Morocco,26,0
Hendis Gyurkó,Group stage 2,Croatia 4 - 1 Canada,27,0
Fogadó Feri,Group stage 2,Croatia 4 - 1 Canada,27,5
Gólszámoló Gergő,Group stage 2,Croatia 4 - 1 Canada,27,2
Bukméker Tilda,Group stage 2,Croatia 4 - 1 Canada,27,5
Véber Gyurka,Group stage 2,Croatia 4 - 1 Canada,27,2
Tipszmix Csabi,Group stage 2,Croatia 4 - 1 Canada,27,2
Lovis Tami,Group stage 2,Croatia 4 - 1 Canada,27,0
Mázlis Miska,Group stage 2,Croatia 4 - 1 Canada,27,2
Duplázós Imre,Group stage 2,Croatia 4 - 1 Canada,27,2
Lutris Lala,Group stage 2,Croatia 4 - 1 Canada,27,5
Totós Zaza,Group stage 2,Croatia 4 - 1 Canada,27,2
Tomai Judit,Group stage 2,Croatia 4 - 1 Canada,27,2
Dzsudzsák Fecó,Group stage 2,Croatia 4 - 1 Canada,27,2
Kaparós Mózes,Group stage 2,Croatia 4 - 1 Canada,27,5
Bunda Bende,Group stage 2,Croatia 4 - 1 Canada,27,5
Tipper Tóni,Group stage 2,Croatia 4 - 1 Canada,27,0
Zsuga Zsóti,Group stage 2,Croatia 4 - 1 Canada,27,2
Totó Titó,Group stage 2,Croatia 4 - 1 Canada,27,2
Peti bá,Group stage 2,Croatia 4 - 1 Canada,27,0
Hendis Gyurkó,Group stage 2,Spain 1 - 1 Germany,28,10
Fogadó Feri,Group stage 2,Spain 1 - 1 Germany,28,10
Gólszámoló Gergő,Group stage 2,Spain 1 - 1 Germany,28,2
Bukméker Tilda,Group stage 2,Spain 1 - 1 Germany,28,2
Véber Gyurka,Group stage 2,Spain 1 - 1 Germany,28,0
Tipszmix Csabi,Group stage 2,Spain 1 - 1 Germany,28,7
Lovis Tami,Group stage 2,Spain 1 - 1 Germany,28,2
Mázlis Miska,Group stage 2,Spain 1 - 1 Germany,28,0
Duplázós Imre,Group stage 2,Spain 1 - 1 Germany,28,2
Lutris Lala,Group stage 2,Spain 1 - 1 Germany,28,0
Totós Zaza,Group stage 2,Spain 1 - 1 Germany,28,1
Tomai Judit,Group stage 2,Spain 1 - 1 Germany,28,1
Dzsudzsák Fecó,Group stage 2,Spain 1 - 1 Germany,28,0
Kaparós Mózes,Group stage 2,Spain 1 - 1 Germany,28,10
Bunda Bende,Group stage 2,Spain 1 - 1 Germany,28,2
Tipper Tóni,Group stage 2,Spain 1 - 1 Germany,28,0
Zsuga Zsóti,Group stage 2,Spain 1 - 1 Germany,28,7
Totó Titó,Group stage 2,Spain 1 - 1 Germany,28,2
Peti bá,Group stage 2,Spain 1 - 1 Germany,28,2
Hendis Gyurkó,Group stage 2,Cameroon 3 - 3 Serbia,29,0
Fogadó Feri,Group stage 2,Cameroon 3 - 3 Serbia,29,7
Gólszámoló Gergő,Group stage 2,Cameroon 3 - 3 Serbia,29,7
Bukméker Tilda,Group stage 2,Cameroon 3 - 3 Serbia,29,0
Véber Gyurka,Group stage 2,Cameroon 3 - 3 Serbia,29,0
Tipszmix Csabi,Group stage 2,Cameroon 3 - 3 Serbia,29,0
Lovis Tami,Group stage 2,Cameroon 3 - 3 Serbia,29,2
Mázlis Miska,Group stage 2,Cameroon 3 - 3 Serbia,29,0
Duplázós Imre,Group stage 2,Cameroon 3 - 3 Serbia,29,0
Lutris Lala,Group stage 2,Cameroon 3 - 3 Serbia,29,0
Totós Zaza,Group stage 2,Cameroon 3 - 3 Serbia,29,0
Tomai Judit,Group stage 2,Cameroon 3 - 3 Serbia,29,7
Dzsudzsák Fecó,Group stage 2,Cameroon 3 - 3 Serbia,29,7
Kaparós Mózes,Group stage 2,Cameroon 3 - 3 Serbia,29,0
Bunda Bende,Group stage 2,Cameroon 3 - 3 Serbia,29,0
Tipper Tóni,Group stage 2,Cameroon 3 - 3 Serbia,29,0
Zsuga Zsóti,Group stage 2,Cameroon 3 - 3 Serbia,29,0
Totó Titó,Group stage 2,Cameroon 3 - 3 Serbia,29,0
Peti bá,Group stage 2,Cameroon 3 - 3 Serbia,29,2
Hendis Gyurkó,Group stage 2,South Korea 2 - 3 Ghana,30,0
Fogadó Feri,Group stage 2,South Korea 2 - 3 Ghana,30,0
Gólszámoló Gergő,Group stage 2,South Korea 2 - 3 Ghana,30,7
Bukméker Tilda,Group stage 2,South Korea 2 - 3 Ghana,30,7
Véber Gyurka,Group stage 2,South Korea 2 - 3 Ghana,30,2
Tipszmix Csabi,Group stage 2,South Korea 2 - 3 Ghana,30,2
Lovis Tami,Group stage 2,South Korea 2 - 3 Ghana,30,5
Mázlis Miska,Group stage 2,South Korea 2 - 3 Ghana,30,5
Duplázós Imre,Group stage 2,South Korea 2 - 3 Ghana,30,5
Lutris Lala,Group stage 2,South Korea 2 - 3 Ghana,30,7
Totós Zaza,Group stage 2,South Korea 2 - 3 Ghana,30,0
Tomai Judit,Group stage 2,South Korea 2 - 3 Ghana,30,2
Dzsudzsák Fecó,Group stage 2,South Korea 2 - 3 Ghana,30,2
Kaparós Mózes,Group stage 2,South Korea 2 - 3 Ghana,30,0
Bunda Bende,Group stage 2,South Korea 2 - 3 Ghana,30,7
Tipper Tóni,Group stage 2,South Korea 2 - 3 Ghana,30,5
Zsuga Zsóti,Group stage 2,South Korea 2 - 3 Ghana,30,0
Totó Titó,Group stage 2,South Korea 2 - 3 Ghana,30,0
Peti bá,Group stage 2,South Korea 2 - 3 Ghana,30,5
Hendis Gyurkó,Group stage 2,Brazil 1 - 0 Switzerland,31,10
Fogadó Feri,Group stage 2,Brazil 1 - 0 Switzerland,31,7
Gólszámoló Gergő,Group stage 2,Brazil 1 - 0 Switzerland,31,5
Bukméker Tilda,Group stage 2,Brazil 1 - 0 Switzerland,31,5
Véber Gyurka,Group stage 2,Brazil 1 - 0 Switzerland,31,10
Tipszmix Csabi,Group stage 2,Brazil 1 - 0 Switzerland,31,5
Lovis Tami,Group stage 2,Brazil 1 - 0 Switzerland,31,2
Mázlis Miska,Group stage 2,Brazil 1 - 0 Switzerland,31,5
Duplázós Imre,Group stage 2,Brazil 1 - 0 Switzerland,31,5
Lutris Lala,Group stage 2,Brazil 1 - 0 Switzerland,31,5
Totós Zaza,Group stage 2,Brazil 1 - 0 Switzerland,31,5
Tomai Judit,Group stage 2,Brazil 1 - 0 Switzerland,31,5
Dzsudzsák Fecó,Group stage 2,Brazil 1 - 0 Switzerland,31,5
Kaparós Mózes,Group stage 2,Brazil 1 - 0 Switzerland,31,5
Bunda Bende,Group stage 2,Brazil 1 - 0 Switzerland,31,2
Tipper Tóni,Group stage 2,Brazil 1 - 0 Switzerland,31,7
Zsuga Zsóti,Group stage 2,Brazil 1 - 0 Switzerland,31,5
Totó Titó,Group stage 2,Brazil 1 - 0 Switzerland,31,5
Peti bá,Group stage 2,Brazil 1 - 0 Switzerland,31,5
Hendis Gyurkó,Group stage 2,Portugal 2 - 0 Uruguay,32,5
Fogadó Feri,Group stage 2,Portugal 2 - 0 Uruguay,32,5
Gólszámoló Gergő,Group stage 2,Portugal 2 - 0 Uruguay,32,5
Bukméker Tilda,Group stage 2,Portugal 2 - 0 Uruguay,32,0
Véber Gyurka,Group stage 2,Portugal 2 - 0 Uruguay,32,5
Tipszmix Csabi,Group stage 2,Portugal 2 - 0 Uruguay,32,1
Lovis Tami,Group stage 2,Portugal 2 - 0 Uruguay,32,0
Mázlis Miska,Group stage 2,Portugal 2 - 0 Uruguay,32,5
Duplázós Imre,Group stage 2,Portugal 2 - 0 Uruguay,32,10
Lutris Lala,Group stage 2,Portugal 2 - 0 Uruguay,32,10
Totós Zaza,Group stage 2,Portugal 2 - 0 Uruguay,32,5
Tomai Judit,Group stage 2,Portugal 2 - 0 Uruguay,32,0
Dzsudzsák Fecó,Group stage 2,Portugal 2 - 0 Uruguay,32,7
Kaparós Mózes,Group stage 2,Portugal 2 - 0 Uruguay,32,5
Bunda Bende,Group stage 2,Portugal 2 - 0 Uruguay,32,5
Tipper Tóni,Group stage 2,Portugal 2 - 0 Uruguay,32,7
Zsuga Zsóti,Group stage 2,Portugal 2 - 0 Uruguay,32,0
Totó Titó,Group stage 2,Portugal 2 - 0 Uruguay,32,1
Peti bá,Group stage 2,Portugal 2 - 0 Uruguay,32,5
Hendis Gyurkó,Group stage 3,Netherlands 2 - 0 Qatar,33,10
Fogadó Feri,Group stage 3,Netherlands 2 - 0 Qatar,33,5
Gólszámoló Gergő,Group stage 3,Netherlands 2 - 0 Qatar,33,5
Bukméker Tilda,Group stage 3,Netherlands 2 - 0 Qatar,33,5
Véber Gyurka,Group stage 3,Netherlands 2 - 0 Qatar,33,5
Tipszmix Csabi,Group stage 3,Netherlands 2 - 0 Qatar,33,5
Lovis Tami,Group stage 3,Netherlands 2 - 0 Qatar,33,0
Mázlis Miska,Group stage 3,Netherlands 2 - 0 Qatar,33,5
Duplázós Imre,Group stage 3,Netherlands 2 - 0 Qatar,33,5
Lutris Lala,Group stage 3,Netherlands 2 - 0 Qatar,33,10
Totós Zaza,Group stage 3,Netherlands 2 - 0 Qatar,33,5
Tomai Judit,Group stage 3,Netherlands 2 - 0 Qatar,33,10
Dzsudzsák Fecó,Group stage 3,Netherlands 2 - 0 Qatar,33,10
Kaparós Mózes,Group stage 3,Netherlands 2 - 0 Qatar,33,10
Bunda Bende,Group stage 3,Netherlands 2 - 0 Qatar,33,5
Tipper Tóni,Group stage 3,Netherlands 2 - 0 Qatar,33,5
Zsuga Zsóti,Group stage 3,Netherlands 2 - 0 Qatar,33,5
Totó Titó,Group stage 3,Netherlands 2 - 0 Qatar,33,10
Peti bá,Group stage 3,Netherlands 2 - 0 Qatar,33,5
Hendis Gyurkó,Group stage 3,Ecuador 1 - 2 Senegal,34,2
Fogadó Feri,Group stage 3,Ecuador 1 - 2 Senegal,34,1
Gólszámoló Gergő,Group stage 3,Ecuador 1 - 2 Senegal,34,2
Bukméker Tilda,Group stage 3,Ecuador 1 - 2 Senegal,34,0
Véber Gyurka,Group stage 3,Ecuador 1 - 2 Senegal,34,10
Tipszmix Csabi,Group stage 3,Ecuador 1 - 2 Senegal,34,2
Lovis Tami,Group stage 3,Ecuador 1 - 2 Senegal,34,5
Mázlis Miska,Group stage 3,Ecuador 1 - 2 Senegal,34,2
Duplázós Imre,Group stage 3,Ecuador 1 - 2 Senegal,34,1
Lutris Lala,Group stage 3,Ecuador 1 - 2 Senegal,34,7
Totós Zaza,Group stage 3,Ecuador 1 - 2 Senegal,34,1
Tomai Judit,Group stage 3,Ecuador 1 - 2 Senegal,34,10
Dzsudzsák Fecó,Group stage 3,Ecuador 1 - 2 Senegal,34,2
Kaparós Mózes,Group stage 3,Ecuador 1 - 2 Senegal,34,2
Bunda Bende,Group stage 3,Ecuador 1 - 2 Senegal,34,2
Tipper Tóni,Group stage 3,Ecuador 1 - 2 Senegal,34,2
Zsuga Zsóti,Group stage 3,Ecuador 1 - 2 Senegal,34,10
Totó Titó,Group stage 3,Ecuador 1 - 2 Senegal,34,2
Peti bá,Group stage 3,Ecuador 1 - 2 Senegal,34,10
Hendis Gyurkó,Group stage 3,Iran 0 - 1 USA,35,2
Fogadó Feri,Group stage 3,Iran 0 - 1 USA,35,2
Gólszámoló Gergő,Group stage 3,Iran 0 - 1 USA,35,7
Bukméker Tilda,Group stage 3,Iran 0 - 1 USA,35,0
Véber Gyurka,Group stage 3,Iran 0 - 1 USA,35,7
Tipszmix Csabi,Group stage 3,Iran 0 - 1 USA,35,7
Lovis Tami,Group stage 3,Iran 0 - 1 USA,35,5
Mázlis Miska,Group stage 3,Iran 0 - 1 USA,35,1
Duplázós Imre,Group stage 3,Iran 0 - 1 USA,35,2
Lutris Lala,Group stage 3,Iran 0 - 1 USA,35,7
Totós Zaza,Group stage 3,Iran 0 - 1 USA,35,2
Tomai Judit,Group stage 3,Iran 0 - 1 USA,35,2
Dzsudzsák Fecó,Group stage 3,Iran 0 - 1 USA,35,2
Kaparós Mózes,Group stage 3,Iran 0 - 1 USA,35,7
Bunda Bende,Group stage 3,Iran 0 - 1 USA,35,5
Tipper Tóni,Group stage 3,Iran 0 - 1 USA,35,10
Zsuga Zsóti,Group stage 3,Iran 0 - 1 USA,35,5
Totó Titó,Group stage 3,Iran 0 - 1 USA,35,5
Peti bá,Group stage 3,Iran 0 - 1 USA,35,7
Hendis Gyurkó,Group stage 3,Wales 0 - 3 England,36,5
Fogadó Feri,Group stage 3,Wales 0 - 3 England,36,5
Gólszámoló Gergő,Group stage 3,Wales 0 - 3 England,36,5
Bukméker Tilda,Group stage 3,Wales 0 - 3 England,36,10
Véber Gyurka,Group stage 3,Wales 0 - 3 England,36,5
Tipszmix Csabi,Group stage 3,Wales 0 - 3 England,36,5
Lovis Tami,Group stage 3,Wales 0 - 3 England,36,5
Mázlis Miska,Group stage 3,Wales 0 - 3 England,36,5
Duplázós Imre,Group stage 3,Wales 0 - 3 England,36,5
Lutris Lala,Group stage 3,Wales 0 - 3 England,36,5
Totós Zaza,Group stage 3,Wales 0 - 3 England,36,5
Tomai Judit,Group stage 3,Wales 0 - 3 England,36,5
Dzsudzsák Fecó,Group stage 3,Wales 0 - 3 England,36,5
Kaparós Mózes,Group stage 3,Wales 0 - 3 England,36,0
Bunda Bende,Group stage 3,Wales 0 - 3 England,36,5
Tipper Tóni,Group stage 3,Wales 0 - 3 England,36,5
Zsuga Zsóti,Group stage 3,Wales 0 - 3 England,36,5
Totó Titó,Group stage 3,Wales 0 - 3 England,36,5
Peti bá,Group stage 3,Wales 0 - 3 England,36,5
Hendis Gyurkó,Group stage 3,Australia 1 - 0 Denmark,37,0
Fogadó Feri,Group stage 3,Australia 1 - 0 Denmark,37,1
Gólszámoló Gergő,Group stage 3,Australia 1 - 0 Denmark,37,2
Bukméker Tilda,Group stage 3,Australia 1 - 0 Denmark,37,1
Véber Gyurka,Group stage 3,Australia 1 - 0 Denmark,37,2
Tipszmix Csabi,Group stage 3,Australia 1 - 0 Denmark,37,1
Lovis Tami,Group stage 3,Australia 1 - 0 Denmark,37,2
Mázlis Miska,Group stage 3,Australia 1 - 0 Denmark,37,2
Duplázós Imre,Group stage 3,Australia 1 - 0 Denmark,37,0
Lutris Lala,Group stage 3,Australia 1 - 0 Denmark,37,2
Totós Zaza,Group stage 3,Australia 1 - 0 Denmark,37,0
Tomai Judit,Group stage 3,Australia 1 - 0 Denmark,37,2
Dzsudzsák Fecó,Group stage 3,Australia 1 - 0 Denmark,37,1
Kaparós Mózes,Group stage 3,Australia 1 - 0 Denmark,37,1
Bunda Bende,Group stage 3,Australia 1 - 0 Denmark,37,2
Tipper Tóni,Group stage 3,Australia 1 - 0 Denmark,37,2
Zsuga Zsóti,Group stage 3,Australia 1 - 0 Denmark,37,2
Totó Titó,Group stage 3,Australia 1 - 0 Denmark,37,0
Peti bá,Group stage 3,Australia 1 - 0 Denmark,37,2
Hendis Gyurkó,Group stage 3,Tunisia 1 - 0 France,38,0
Fogadó Feri,Group stage 3,Tunisia 1 - 0 France,38,0
Gólszámoló Gergő,Group stage 3,Tunisia 1 - 0 France,38,0
Bukméker Tilda,Group stage 3,Tunisia 1 - 0 France,38,0
Véber Gyurka,Group stage 3,Tunisia 1 - 0 France,38,0
Tipszmix Csabi,Group stage 3,Tunisia 1 - 0 France,38,2
Lovis Tami,Group stage 3,Tunisia 1 - 0 France,38,2
Mázlis Miska,Group stage 3,Tunisia 1 - 0 France,38,2
Duplázós Imre,Group stage 3,Tunisia 1 - 0 France,38,0
Lutris Lala,Group stage 3,Tunisia 1 - 0 France,38,0
Totós Zaza,Group stage 3,Tunisia 1 - 0 France,38,0
Tomai Judit,Group stage 3,Tunisia 1 - 0 France,38,0
Dzsudzsák Fecó,Group stage 3,Tunisia 1 - 0 France,38,0
Kaparós Mózes,Group stage 3,Tunisia 1 - 0 France,38,2
Bunda Bende,Group stage 3,Tunisia 1 - 0 France,38,0
Tipper Tóni,Group stage 3,Tunisia 1 - 0 France,38,0
Zsuga Zsóti,Group stage 3,Tunisia 1 - 0 France,38,0
Totó Titó,Group stage 3,Tunisia 1 - 0 France,38,0
Peti bá,Group stage 3,Tunisia 1 - 0 France,38,2
Hendis Gyurkó,Group stage 3,Saudi Arabia 1 - 2 Mexico,39,2
Fogadó Feri,Group stage 3,Saudi Arabia 1 - 2 Mexico,39,1
Gólszámoló Gergő,Group stage 3,Saudi Arabia 1 - 2 Mexico,39,7
Bukméker Tilda,Group stage 3,Saudi Arabia 1 - 2 Mexico,39,0
Véber Gyurka,Group stage 3,Saudi Arabia 1 - 2 Mexico,39,7
Tipszmix Csabi,Group stage 3,Saudi Arabia 1 - 2 Mexico,39,2
Lovis Tami,Group stage 3,Saudi Arabia 1 - 2 Mexico,39,0
Mázlis Miska,Group stage 3,Saudi Arabia 1 - 2 Mexico,39,5
Duplázós Imre,Group stage 3,Saudi Arabia 1 - 2 Mexico,39,10
Lutris Lala,Group stage 3,Saudi Arabia 1 - 2 Mexico,39,1
Totós Zaza,Group stage 3,Saudi Arabia 1 - 2 Mexico,39,7
Tomai Judit,Group stage 3,Saudi Arabia 1 - 2 Mexico,39,2
Dzsudzsák Fecó,Group stage 3,Saudi Arabia 1 - 2 Mexico,39,7
Kaparós Mózes,Group stage 3,Saudi Arabia 1 - 2 Mexico,39,10
Bunda Bende,Group stage 3,Saudi Arabia 1 - 2 Mexico,39,5
Tipper Tóni,Group stage 3,Saudi Arabia 1 - 2 Mexico,39,2
Zsuga Zsóti,Group stage 3,Saudi Arabia 1 - 2 Mexico,39,5
Totó Titó,Group stage 3,Saudi Arabia 1 - 2 Mexico,39,2
Peti bá,Group stage 3,Saudi Arabia 1 - 2 Mexico,39,10
Hendis Gyurkó,Group stage 3,Poland 0 - 2 Argentina,40,5
Fogadó Feri,Group stage 3,Poland 0 - 2 Argentina,40,5
Gólszámoló Gergő,Group stage 3,Poland 0 - 2 Argentina,40,5
Bukméker Tilda,Group stage 3,Poland 0 - 2 Argentina,40,0
Véber Gyurka,Group stage 3,Poland 0 - 2 Argentina,40,1
Tipszmix Csabi,Group stage 3,Poland 0 - 2 Argentina,40,10
Lovis Tami,Group stage 3,Poland 0 - 2 Argentina,40,0
Mázlis Miska,Group stage 3,Poland 0 - 2 Argentina,40,5
Duplázós Imre,Group stage 3,Poland 0 - 2 Argentina,40,5
Lutris Lala,Group stage 3,Poland 0 - 2 Argentina,40,5
Totós Zaza,Group stage 3,Poland 0 - 2 Argentina,40,5
Tomai Judit,Group stage 3,Poland 0 - 2 Argentina,40,5
Dzsudzsák Fecó,Group stage 3,Poland 0 - 2 Argentina,40,1
Kaparós Mózes,Group stage 3,Poland 0 - 2 Argentina,40,1
Bunda Bende,Group stage 3,Poland 0 - 2 Argentina,40,0
Tipper Tóni,Group stage 3,Poland 0 - 2 Argentina,40,5
Zsuga Zsóti,Group stage 3,Poland 0 - 2 Argentina,40,5
Totó Titó,Group stage 3,Poland 0 - 2 Argentina,40,5
Peti bá,Group stage 3,Poland 0 - 2 Argentina,40,10
Hendis Gyurkó,Group stage 3,Croatia 0 - 0 Belgium,41,7
Fogadó Feri,Group stage 3,Croatia 0 - 0 Belgium,41,2
Gólszámoló Gergő,Group stage 3,Croatia 0 - 0 Belgium,41,0
Bukméker Tilda,Group stage 3,Croatia 0 - 0 Belgium,41,0
Véber Gyurka,Group stage 3,Croatia 0 - 0 Belgium,41,10
Tipszmix Csabi,Group stage 3,Croatia 0 - 0 Belgium,41,2
Lovis Tami,Group stage 3,Croatia 0 - 0 Belgium,41,0
Mázlis Miska,Group stage 3,Croatia 0 - 0 Belgium,41,0
Duplázós Imre,Group stage 3,Croatia 0 - 0 Belgium,41,0
Lutris Lala,Group stage 3,Croatia 0 - 0 Belgium,41,0
Totós Zaza,Group stage 3,Croatia 0 - 0 Belgium,41,0
Tomai Judit,Group stage 3,Croatia 0 - 0 Belgium,41,0
Dzsudzsák Fecó,Group stage 3,Croatia 0 - 0 Belgium,41,2
Kaparós Mózes,Group stage 3,Croatia 0 - 0 Belgium,41,0
Bunda Bende,Group stage 3,Croatia 0 - 0 Belgium,41,7
Tipper Tóni,Group stage 3,Croatia 0 - 0 Belgium,41,7
Zsuga Zsóti,Group stage 3,Croatia 0 - 0 Belgium,41,2
Totó Titó,Group stage 3,Croatia 0 - 0 Belgium,41,0
Peti bá,Group stage 3,Croatia 0 - 0 Belgium,41,0
Hendis Gyurkó,Group stage 3,Canada 1 - 2 Morocco,42,5
Fogadó Feri,Group stage 3,Canada 1 - 2 Morocco,42,0
Gólszámoló Gergő,Group stage 3,Canada 1 - 2 Morocco,42,0
Bukméker Tilda,Group stage 3,Canada 1 - 2 Morocco,42,5
Véber Gyurka,Group stage 3,Canada 1 - 2 Morocco,42,5
Tipszmix Csabi,Group stage 3,Canada 1 - 2 Morocco,42,2
Lovis Tami,Group stage 3,Canada 1 - 2 Morocco,42,0
Mázlis Miska,Group stage 3,Canada 1 - 2 Morocco,42,2
Duplázós Imre,Group stage 3,Canada 1 - 2 Morocco,42,7
Lutris Lala,Group stage 3,Canada 1 - 2 Morocco,42,2
Totós Zaza,Group stage 3,Canada 1 - 2 Morocco,42,5
Tomai Judit,Group stage 3,Canada 1 - 2 Morocco,42,5
Dzsudzsák Fecó,Group stage 3,Canada 1 - 2 Morocco,42,7
Kaparós Mózes,Group stage 3,Canada 1 - 2 Morocco,42,2
Bunda Bende,Group stage 3,Canada 1 - 2 Morocco,42,0
Tipper Tóni,Group stage 3,Canada 1 - 2 Morocco,42,2
Zsuga Zsóti,Group stage 3,Canada 1 - 2 Morocco,42,5
Totó Titó,Group stage 3,Canada 1 - 2 Morocco,42,2
Peti bá,Group stage 3,Canada 1 - 2 Morocco,42,2
Hendis Gyurkó,Group stage 3,Japan 2 - 1 Spain,43,0
Fogadó Feri,Group stage 3,Japan 2 - 1 Spain,43,1
Gólszámoló Gergő,Group stage 3,Japan 2 - 1 Spain,43,0
Bukméker Tilda,Group stage 3,Japan 2 - 1 Spain,43,0
Véber Gyurka,Group stage 3,Japan 2 - 1 Spain,43,2
Tipszmix Csabi,Group stage 3,Japan 2 - 1 Spain,43,2
Lovis Tami,Group stage 3,Japan 2 - 1 Spain,43,5
Mázlis Miska,Group stage 3,Japan 2 - 1 Spain,43,0
Duplázós Imre,Group stage 3,Japan 2 - 1 Spain,43,1
Lutris Lala,Group stage 3,Japan 2 - 1 Spain,43,1
Totós Zaza,Group stage 3,Japan 2 - 1 Spain,43,0
Tomai Judit,Group stage 3,Japan 2 - 1 Spain,43,1
Dzsudzsák Fecó,Group stage 3,Japan 2 - 1 Spain,43,2
Kaparós Mózes,Group stage 3,Japan 2 - 1 Spain,43,1
Bunda Bende,Group stage 3,Japan 2 - 1 Spain,43,2
Tipper Tóni,Group stage 3,Japan 2 - 1 Spain,43,0
Zsuga Zsóti,Group stage 3,Japan 2 - 1 Spain,43,1
Totó Titó,Group stage 3,Japan 2 - 1 Spain,43,1
Peti bá,Group stage 3,Japan 2 - 1 Spain,43,0
Hendis Gyurkó,Group stage 3,Costa Rica 2 - 4 Germany,44,5
Fogadó Feri,Group stage 3,Costa Rica 2 - 4 Germany,44,5
Gólszámoló Gergő,Group stage 3,Costa Rica 2 - 4 Germany,44,0
Bukméker Tilda,Group stage 3,Costa Rica 2 - 4 Germany,44,5
Véber Gyurka,Group stage 3,Costa Rica 2 - 4 Germany,44,7
Tipszmix Csabi,Group stage 3,Costa Rica 2 - 4 Germany,44,7
Lovis Tami,Group stage 3,Costa Rica 2 - 4 Germany,44,0
Mázlis Miska,Group stage 3,Costa Rica 2 - 4 Germany,44,7
Duplázós Imre,Group stage 3,Costa Rica 2 - 4 Germany,44,7
Lutris Lala,Group stage 3,Costa Rica 2 - 4 Germany,44,5
Totós Zaza,Group stage 3,Costa Rica 2 - 4 Germany,44,5
Tomai Judit,Group stage 3,Costa Rica 2 - 4 Germany,44,7
Dzsudzsák Fecó,Group stage 3,Costa Rica 2 - 4 Germany,44,5
Kaparós Mózes,Group stage 3,Costa Rica 2 - 4 Germany,44,7
Bunda Bende,Group stage 3,Costa Rica 2 - 4 Germany,44,7
Tipper Tóni,Group stage 3,Costa Rica 2 - 4 Germany,44,5
Zsuga Zsóti,Group stage 3,Costa Rica 2 - 4 Germany,44,5
Totó Titó,Group stage 3,Costa Rica 2 - 4 Germany,44,7
Peti bá,Group stage 3,Costa Rica 2 - 4 Germany,44,5
Hendis Gyurkó,Group stage 3,Ghana 0 - 2 Uruguay,45,5
Fogadó Feri,Group stage 3,Ghana 0 - 2 Uruguay,45,1
Gólszámoló Gergő,Group stage 3,Ghana 0 - 2 Uruguay,45,0
Bukméker Tilda,Group stage 3,Ghana 0 - 2 Uruguay,45,0
Véber Gyurka,Group stage 3,Ghana 0 - 2 Uruguay,45,0
Tipszmix Csabi,Group stage 3,Ghana 0 - 2 Uruguay,45,1
Lovis Tami,Group stage 3,Ghana 0 - 2 Uruguay,45,0
Mázlis Miska,Group stage 3,Ghana 0 - 2 Uruguay,45,0
Duplázós Imre,Group stage 3,Ghana 0 - 2 Uruguay,45,0
Lutris Lala,Group stage 3,Ghana 0 - 2 Uruguay,45,1
Totós Zaza,Group stage 3,Ghana 0 - 2 Uruguay,45,0
Tomai Judit,Group stage 3,Ghana 0 - 2 Uruguay,45,0
Dzsudzsák Fecó,Group stage 3,Ghana 0 - 2 Uruguay,45,0
Kaparós Mózes,Group stage 3,Ghana 0 - 2 Uruguay,45,0
Bunda Bende,Group stage 3,Ghana 0 - 2 Uruguay,45,5
Tipper Tóni,Group stage 3,Ghana 0 - 2 Uruguay,45,0
Zsuga Zsóti,Group stage 3,Ghana 0 - 2 Uruguay,45,5
Totó Titó,Group stage 3,Ghana 0 - 2 Uruguay,45,0
Peti bá,Group stage 3,Ghana 0 - 2 Uruguay,45,2
Hendis Gyurkó,Group stage 3,South Korea 2 - 1 Portugal,46,7
Fogadó Feri,Group stage 3,South Korea 2 - 1 Portugal,46,0
Gólszámoló Gergő,Group stage 3,South Korea 2 - 1 Portugal,46,0
Bukméker Tilda,Group stage 3,South Korea 2 - 1 Portugal,46,0
Véber Gyurka,Group stage 3,South Korea 2 - 1 Portugal,46,2
Tipszmix Csabi,Group stage 3,South Korea 2 - 1 Portugal,46,10
Lovis Tami,Group stage 3,South Korea 2 - 1 Portugal,46,5
Mázlis Miska,Group stage 3,South Korea 2 - 1 Portugal,46,2
Duplázós Imre,Group stage 3,South Korea 2 - 1 Portugal,46,2
Lutris Lala,Group stage 3,South Korea 2 - 1 Portugal,46,0
Totós Zaza,Group stage 3,South Korea 2 - 1 Portugal,46,0
Tomai Judit,Group stage 3,South Korea 2 - 1 Portugal,46,0
Dzsudzsák Fecó,Group stage 3,South Korea 2 - 1 Portugal,46,2
Kaparós Mózes,Group stage 3,South Korea 2 - 1 Portugal,46,0
Bunda Bende,Group stage 3,South Korea 2 - 1 Portugal,46,2
Tipper Tóni,Group stage 3,South Korea 2 - 1 Portugal,46,0
Zsuga Zsóti,Group stage 3,South Korea 2 - 1 Portugal,46,0
Totó Titó,Group stage 3,South Korea 2 - 1 Portugal,46,0
Peti bá,Group stage 3,South Korea 2 - 1 Portugal,46,1
Hendis Gyurkó,Group stage 3,Serbia 2 - 3 Switzerland,47,0
Fogadó Feri,Group stage 3,Serbia 2 - 3 Switzerland,47,7
Gólszámoló Gergő,Group stage 3,Serbia 2 - 3 Switzerland,47,0
Bukméker Tilda,Group stage 3,Serbia 2 - 3 Switzerland,47,5
Véber Gyurka,Group stage 3,Serbia 2 - 3 Switzerland,47,0
Tipszmix Csabi,Group stage 3,Serbia 2 - 3 Switzerland,47,5
Lovis Tami,Group stage 3,Serbia 2 - 3 Switzerland,47,0
Mázlis Miska,Group stage 3,Serbia 2 - 3 Switzerland,47,0
Duplázós Imre,Group stage 3,Serbia 2 - 3 Switzerland,47,7
Lutris Lala,Group stage 3,Serbia 2 - 3 Switzerland,47,0
Totós Zaza,Group stage 3,Serbia 2 - 3 Switzerland,47,0
Tomai Judit,Group stage 3,Serbia 2 - 3 Switzerland,47,2
Dzsudzsák Fecó,Group stage 3,Serbia 2 - 3 Switzerland,47,0
Kaparós Mózes,Group stage 3,Serbia 2 - 3 Switzerland,47,2
Bunda Bende,Group stage 3,Serbia 2 - 3 Switzerland,47,0
Tipper Tóni,Group stage 3,Serbia 2 - 3 Switzerland,47,0
Zsuga Zsóti,Group stage 3,Serbia 2 - 3 Switzerland,47,7
Totó Titó,Group stage 3,Serbia 2 - 3 Switzerland,47,2
Peti bá,Group stage 3,Serbia 2 - 3 Switzerland,47,2
Hendis Gyurkó,Group stage 3,Cameroon 1 - 0 Brazil,48,10
Fogadó Feri,Group stage 3,Cameroon 1 - 0 Brazil,48,0
Gólszámoló Gergő,Group stage 3,Cameroon 1 - 0 Brazil,48,2
Bukméker Tilda,Group stage 3,Cameroon 1 - 0 Brazil,48,0
Véber Gyurka,Group stage 3,Cameroon 1 - 0 Brazil,48,0
Tipszmix Csabi,Group stage 3,Cameroon 1 - 0 Brazil,48,2
Lovis Tami,Group stage 3,Cameroon 1 - 0 Brazil,48,0
Mázlis Miska,Group stage 3,Cameroon 1 - 0 Brazil,48,0
Duplázós Imre,Group stage 3,Cameroon 1 - 0 Brazil,48,2
Lutris Lala,Group stage 3,Cameroon 1 - 0 Brazil,48,0
Totós Zaza,Group stage 3,Cameroon 1 - 0 Brazil,48,2
Tomai Judit,Group stage 3,Cameroon 1 - 0 Brazil,48,2
Dzsudzsák Fecó,Group stage 3,Cameroon 1 - 0 Brazil,48,0
Kaparós Mózes,Group stage 3,Cameroon 1 - 0 Brazil,48,2
Bunda Bende,Group stage 3,Cameroon 1 - 0 Brazil,48,2
Tipper Tóni,Group stage 3,Cameroon 1 - 0 Brazil,48,0
Zsuga Zsóti,Group stage 3,Cameroon 1 - 0 Brazil,48,0
Totó Titó,Group stage 3,Cameroon 1 - 0 Brazil,48,1
Peti bá,Group stage 3,Cameroon 1 - 0 Brazil,48,2
Hendis Gyurkó,Round of 16,Netherlands 3 - 1 USA,49,14
Fogadó Feri,Round of 16,Netherlands 3 - 1 USA,49,10
Gólszámoló Gergő,Round of 16,Netherlands 3 - 1 USA,49,10
Bukméker Tilda,Round of 16,Netherlands 3 - 1 USA,49,4
Véber Gyurka,Round of 16,Netherlands 3 - 1 USA,49,10
Tipszmix Csabi,Round of 16,Netherlands 3 - 1 USA,49,10
Lovis Tami,Round of 16,Netherlands 3 - 1 USA,49,0
Mázlis Miska,Round of 16,Netherlands 3 - 1 USA,49,14
Duplázós Imre,Round of 16,Netherlands 3 - 1 USA,49,4
Lutris Lala,Round of 16,Netherlands 3 - 1 USA,49,10
Totós Zaza,Round of 16,Netherlands 3 - 1 USA,49,10
Tomai Judit,Round of 16,Netherlands 3 - 1 USA,49,10
Dzsudzsák Fecó,Round of 16,Netherlands 3 - 1 USA,49,0
Kaparós Mózes,Round of 16,Netherlands 3 - 1 USA,49,4
Bunda Bende,Round of 16,Netherlands 3 - 1 USA,49,10
Tipper Tóni,Round of 16,Netherlands 3 - 1 USA,49,20
Zsuga Zsóti,Round of 16,Netherlands 3 - 1 USA,49,14
Totó Titó,Round of 16,Netherlands 3 - 1 USA,49,10
Peti bá,Round of 16,Netherlands 3 - 1 USA,49,20
Hendis Gyurkó,Round of 16,Argentina 2 - 1 Australia,50,14
Fogadó Feri,Round of 16,Argentina 2 - 1 Australia,50,10
Gólszámoló Gergő,Round of 16,Argentina 2 - 1 Australia,50,10
Bukméker Tilda,Round of 16,Argentina 2 - 1 Australia,50,10
Véber Gyurka,Round of 16,Argentina 2 - 1 Australia,50,10
Tipszmix Csabi,Round of 16,Argentina 2 - 1 Australia,50,10
Lovis Tami,Round of 16,Argentina 2 - 1 Australia,50,10
Mázlis Miska,Round of 16,Argentina 2 - 1 Australia,50,4
Duplázós Imre,Round of 16,Argentina 2 - 1 Australia,50,20
Lutris Lala,Round of 16,Argentina 2 - 1 Australia,50,4
Totós Zaza,Round of 16,Argentina 2 - 1 Australia,50,10
Tomai Judit,Round of 16,Argentina 2 - 1 Australia,50,10
Dzsudzsák Fecó,Round of 16,Argentina 2 - 1 Australia,50,10
Kaparós Mózes,Round of 16,Argentina 2 - 1 Australia,50,20
Bunda Bende,Round of 16,Argentina 2 - 1 Australia,50,10
Tipper Tóni,Round of 16,Argentina 2 - 1 Australia,50,10
Zsuga Zsóti,Round of 16,Argentina 2 - 1 Australia,50,10
Totó Titó,Round of 16,Argentina 2 - 1 Australia,50,10
Peti bá,Round of 16,Argentina 2 - 1 Australia,50,10
Hendis Gyurkó,Round of 16,France 3 - 1 Poland,51,14
Fogadó Feri,Round of 16,France 3 - 1 Poland,51,14
Gólszámoló Gergő,Round of 16,France 3 - 1 Poland,51,10
Bukméker Tilda,Round of 16,France 3 - 1 Poland,51,20
Véber Gyurka,Round of 16,France 3 - 1 Poland,51,14
Tipszmix Csabi,Round of 16,France 3 - 1 Poland,51,14
Lovis Tami,Round of 16,France 3 - 1 Poland,51,20
Mázlis Miska,Round of 16,France 3 - 1 Poland,51,20
Duplázós Imre,Round of 16,France 3 - 1 Poland,51,0
Lutris Lala,Round of 16,France 3 - 1 Poland,51,10
Totós Zaza,Round of 16,France 3 - 1 Poland,51,20
Tomai Judit,Round of 16,France 3 - 1 Poland,51,20
Dzsudzsák Fecó,Round of 16,France 3 - 1 Poland,51,14
Kaparós Mózes,Round of 16,France 3 - 1 Poland,51,0
Bunda Bende,Round of 16,France 3 - 1 Poland,51,10
Tipper Tóni,Round of 16,France 3 - 1 Poland,51,20
Zsuga Zsóti,Round of 16,France 3 - 1 Poland,51,0
Totó Titó,Round of 16,France 3 - 1 Poland,51,14
Peti bá,Round of 16,France 3 - 1 Poland,51,20
Hendis Gyurkó,Round of 16,England 3 - 0 Senegal,52,10
Fogadó Feri,Round of 16,England 3 - 0 Senegal,52,10
Gólszámoló Gergő,Round of 16,England 3 - 0 Senegal,52,10
Bukméker Tilda,Round of 16,England 3 - 0 Senegal,52,0
Véber Gyurka,Round of 16,England 3 - 0 Senegal,52,10
Tipszmix Csabi,Round of 16,England 3 - 0 Senegal,52,10
Lovis Tami,Round of 16,England 3 - 0 Senegal,52,20
Mázlis Miska,Round of 16,England 3 - 0 Senegal,52,0
Duplázós Imre,Round of 16,England 3 - 0 Senegal,52,10
Lutris Lala,Round of 16,England 3 - 0 Senegal,52,10
Totós Zaza,Round of 16,England 3 - 0 Senegal,52,10
Tomai Judit,Round of 16,England 3 - 0 Senegal,52,10
Dzsudzsák Fecó,Round of 16,England 3 - 0 Senegal,52,10
Kaparós Mózes,Round of 16,England 3 - 0 Senegal,52,10
Bunda Bende,Round of 16,England 3 - 0 Senegal,52,10
Tipper Tóni,Round of 16,England 3 - 0 Senegal,52,0
Zsuga Zsóti,Round of 16,England 3 - 0 Senegal,52,0
Totó Titó,Round of 16,England 3 - 0 Senegal,52,10
Peti bá,Round of 16,England 3 - 0 Senegal,52,2
Hendis Gyurkó,Round of 16,Japan 1 - 1 Croatia,53,20
Fogadó Feri,Round of 16,Japan 1 - 1 Croatia,53,14
Gólszámoló Gergő,Round of 16,Japan 1 - 1 Croatia,53,4
Bukméker Tilda,Round of 16,Japan 1 - 1 Croatia,53,4
Véber Gyurka,Round of 16,Japan 1 - 1 Croatia,53,4
Tipszmix Csabi,Round of 16,Japan 1 - 1 Croatia,53,2
Lovis Tami,Round of 16,Japan 1 - 1 Croatia,53,4
Mázlis Miska,Round of 16,Japan 1 - 1 Croatia,53,4
Duplázós Imre,Round of 16,Japan 1 - 1 Croatia,53,4
Lutris Lala,Round of 16,Japan 1 - 1 Croatia,53,4
Totós Zaza,Round of 16,Japan 1 - 1 Croatia,53,20
Tomai Judit,Round of 16,Japan 1 - 1 Croatia,53,2
Dzsudzsák Fecó,Round of 16,Japan 1 - 1 Croatia,53,0
Kaparós Mózes,Round of 16,Japan 1 - 1 Croatia,53,4
Bunda Bende,Round of 16,Japan 1 - 1 Croatia,53,4
Tipper Tóni,Round of 16,Japan 1 - 1 Croatia,53,14
Zsuga Zsóti,Round of 16,Japan 1 - 1 Croatia,53,2
Totó Titó,Round of 16,Japan 1 - 1 Croatia,53,4
Peti bá,Round of 16,Japan 1 - 1 Croatia,53,4
Hendis Gyurkó,Round of 16,Brazil 4 - 1 South Korea,54,10
Fogadó Feri,Round of 16,Brazil 4 - 1 South Korea,54,10
Gólszámoló Gergő,Round of 16,Brazil 4 - 1 South Korea,54,10
Bukméker Tilda,Round of 16,Brazil 4 - 1 South Korea,54,14
Véber Gyurka,Round of 16,Brazil 4 - 1 South Korea,54,14
Tipszmix Csabi,Round of 16,Brazil 4 - 1 South Korea,54,10
Lovis Tami,Round of 16,Brazil 4 - 1 South Korea,54,0
Mázlis Miska,Round of 16,Brazil 4 - 1 South Korea,54,10
Duplázós Imre,Round of 16,Brazil 4 - 1 South Korea,54,14
Lutris Lala,Round of 16,Brazil 4 - 1 South Korea,54,10
Totós Zaza,Round of 16,Brazil 4 - 1 South Korea,54,10
Tomai Judit,Round of 16,Brazil 4 - 1 South Korea,54,14
Dzsudzsák Fecó,Round of 16,Brazil 4 - 1 South Korea,54,10
Kaparós Mózes,Round of 16,Brazil 4 - 1 South Korea,54,10
Bunda Bende,Round of 16,Brazil 4 - 1 South Korea,54,14
Tipper Tóni,Round of 16,Brazil 4 - 1 South Korea,54,20
Zsuga Zsóti,Round of 16,Brazil 4 - 1 South Korea,54,10
Totó Titó,Round of 16,Brazil 4 - 1 South Korea,54,10
Peti bá,Round of 16,Brazil 4 - 1 South Korea,54,10
Hendis Gyurkó,Round of 16,Morocco 0 - 0 Spain,55,14
Fogadó Feri,Round of 16,Morocco 0 - 0 Spain,55,4
Gólszámoló Gergő,Round of 16,Morocco 0 - 0 Spain,55,4
Bukméker Tilda,Round of 16,Morocco 0 - 0 Spain,55,0
Véber Gyurka,Round of 16,Morocco 0 - 0 Spain,55,0
Tipszmix Csabi,Round of 16,Morocco 0 - 0 Spain,55,0
Lovis Tami,Round of 16,Morocco 0 - 0 Spain,55,0
Mázlis Miska,Round of 16,Morocco 0 - 0 Spain,55,0
Duplázós Imre,Round of 16,Morocco 0 - 0 Spain,55,4
Lutris Lala,Round of 16,Morocco 0 - 0 Spain,55,0
Totós Zaza,Round of 16,Morocco 0 - 0 Spain,55,0
Tomai Judit,Round of 16,Morocco 0 - 0 Spain,55,0
Dzsudzsák Fecó,Round of 16,Morocco 0 - 0 Spain,55,14
Kaparós Mózes,Round of 16,Morocco 0 - 0 Spain,55,4
Bunda Bende,Round of 16,Morocco 0 - 0 Spain,55,0
Tipper Tóni,Round of 16,Morocco 0 - 0 Spain,55,0
Zsuga Zsóti,Round of 16,Morocco 0 - 0 Spain,55,0
Totó Titó,Round of 16,Morocco 0 - 0 Spain,55,0
Peti bá,Round of 16,Morocco 0 - 0 Spain,55,0
Hendis Gyurkó,Round of 16,Portugal 6 - 1 Switzerland,56,10
Fogadó Feri,Round of 16,Portugal 6 - 1 Switzerland,56,10
Gólszámoló Gergő,Round of 16,Portugal 6 - 1 Switzerland,56,10
Bukméker Tilda,Round of 16,Portugal 6 - 1 Switzerland,56,10
Véber Gyurka,Round of 16,Portugal 6 - 1 Switzerland,56,4
Tipszmix Csabi,Round of 16,Portugal 6 - 1 Switzerland,56,4
Lovis Tami,Round of 16,Portugal 6 - 1 Switzerland,56,10
Mázlis Miska,Round of 16,Portugal 6 - 1 Switzerland,56,10
Duplázós Imre,Round of 16,Portugal 6 - 1 Switzerland,56,10
Lutris Lala,Round of 16,Portugal 6 - 1 Switzerland,56,10
Totós Zaza,Round of 16,Portugal 6 - 1 Switzerland,56,4
Tomai Judit,Round of 16,Portugal 6 - 1 Switzerland,56,10
Dzsudzsák Fecó,Round of 16,Portugal 6 - 1 Switzerland,56,4
Kaparós Mózes,Round of 16,Portugal 6 - 1 Switzerland,56,10
Bunda Bende,Round of 16,Portugal 6 - 1 Switzerland,56,10
Tipper Tóni,Round of 16,Portugal 6 - 1 Switzerland,56,4
Zsuga Zsóti,Round of 16,Portugal 6 - 1 Switzerland,56,10
Totó Titó,Round of 16,Portugal 6 - 1 Switzerland,56,10
Peti bá,Round of 16,Portugal 6 - 1 Switzerland,56,10